material_name,data_file,metadata_file,source,year
,data\auto-processed\archive\unknown_year\3106.json,data\auto-processed\archive\unknown_year\3106.json,NBS,unknown_year
,data\auto-processed\archive\unknown_year\3107.json,data\auto-processed\archive\unknown_year\3107.json,NBS,unknown_year
,data\auto-processed\archive\unknown_year\3108.json,data\auto-processed\archive\unknown_year\3108.json,NBS,unknown_year
,data\auto-processed\archive\unknown_year\3085.json,data\auto-processed\archive\unknown_year\3085.json,NBS,unknown_year
,data\auto-processed\archive\unknown_year\3086.json,data\auto-processed\archive\unknown_year\3086.json,NBS,unknown_year
,data\auto-processed\archive\unknown_year\3087.json,data\auto-processed\archive\unknown_year\3087.json,NBS,unknown_year
,data\auto-processed\archive\unknown_year\3081.json,data\auto-processed\archive\unknown_year\3081.json,NBS,unknown_year
,data\auto-processed\archive\unknown_year\3082.json,data\auto-processed\archive\unknown_year\3082.json,NBS,unknown_year
,data\auto-processed\archive\unknown_year\3083.json,data\auto-processed\archive\unknown_year\3083.json,NBS,unknown_year
,data\auto-processed\archive\unknown_year\3084.json,data\auto-processed\archive\unknown_year\3084.json,NBS,unknown_year
,data\auto-processed\archive\unknown_year\3069.json,data\auto-processed\archive\unknown_year\3069.json,NBS,unknown_year
,data\auto-processed\archive\unknown_year\3070.json,data\auto-processed\archive\unknown_year\3070.json,NBS,unknown_year
,data\auto-processed\archive\unknown_year\3071.json,data\auto-processed\archive\unknown_year\3071.json,NBS,unknown_year
,data\auto-processed\archive\unknown_year\3066.json,data\auto-processed\archive\unknown_year\3066.json,NBS,unknown_year
,data\auto-processed\archive\unknown_year\3067.json,data\auto-processed\archive\unknown_year\3067.json,NBS,unknown_year
,data\auto-processed\archive\unknown_year\3068.json,data\auto-processed\archive\unknown_year\3068.json,NBS,unknown_year
,data\auto-processed\archive\unknown_year\3027.json,data\auto-processed\archive\unknown_year\3027.json,NBS,unknown_year
,data\auto-processed\archive\unknown_year\3028.json,data\auto-processed\archive\unknown_year\3028.json,NBS,unknown_year
,data\auto-processed\archive\unknown_year\3021.json,data\auto-processed\archive\unknown_year\3021.json,NBS,unknown_year
,data\auto-processed\archive\unknown_year\3022.json,data\auto-processed\archive\unknown_year\3022.json,NBS,unknown_year
,data\auto-processed\archive\unknown_year\3023.json,data\auto-processed\archive\unknown_year\3023.json,NBS,unknown_year
,data\auto-processed\archive\unknown_year\1452.json,data\auto-processed\archive\unknown_year\1452.json,NBS,unknown_year
,data\auto-processed\archive\unknown_year\1453.json,data\auto-processed\archive\unknown_year\1453.json,NBS,unknown_year
,data\auto-processed\archive\unknown_year\1455.json,data\auto-processed\archive\unknown_year\1455.json,NBS,unknown_year
,data\auto-processed\archive\unknown_year\1453.json,data\auto-processed\archive\unknown_year\1453.json,NBS,unknown_year
,data\auto-processed\archive\unknown_year\1455.json,data\auto-processed\archive\unknown_year\1455.json,NBS,unknown_year
,data\auto-processed\archive\unknown_year\1453.json,data\auto-processed\archive\unknown_year\1453.json,NBS,unknown_year
,data\auto-processed\archive\unknown_year\1465.json,data\auto-processed\archive\unknown_year\1465.json,NBS,unknown_year
,data\auto-processed\archive\unknown_year\1466.json,data\auto-processed\archive\unknown_year\1466.json,NBS,unknown_year
,data\auto-processed\archive\unknown_year\1467.json,data\auto-processed\archive\unknown_year\1467.json,NBS,unknown_year
,data\auto-processed\archive\unknown_year\1471.json,data\auto-processed\archive\unknown_year\1471.json,NBS,unknown_year
,data\auto-processed\archive\unknown_year\1472.json,data\auto-processed\archive\unknown_year\1472.json,NBS,unknown_year
,data\auto-processed\archive\unknown_year\1510.json,data\auto-processed\archive\unknown_year\1510.json,NBS,unknown_year
,data\auto-processed\archive\unknown_year\1511.json,data\auto-processed\archive\unknown_year\1511.json,NBS,unknown_year
,data\auto-processed\archive\unknown_year\1512.json,data\auto-processed\archive\unknown_year\1512.json,NBS,unknown_year
,data\auto-processed\archive\unknown_year\1522.json,data\auto-processed\archive\unknown_year\1522.json,NBS,unknown_year
,data\auto-processed\archive\unknown_year\1523.json,data\auto-processed\archive\unknown_year\1523.json,NBS,unknown_year
,data\auto-processed\archive\unknown_year\1524.json,data\auto-processed\archive\unknown_year\1524.json,NBS,unknown_year
,data\auto-processed\archive\unknown_year\1528.json,data\auto-processed\archive\unknown_year\1528.json,NBS,unknown_year
,data\auto-processed\archive\unknown_year\1250.json,data\auto-processed\archive\unknown_year\1250.json,NBS,unknown_year
,data\auto-processed\archive\unknown_year\1528.json,data\auto-processed\archive\unknown_year\1528.json,NBS,unknown_year
,data\auto-processed\archive\unknown_year\1529.json,data\auto-processed\archive\unknown_year\1529.json,NBS,unknown_year
,data\auto-processed\archive\unknown_year\1530.json,data\auto-processed\archive\unknown_year\1530.json,NBS,unknown_year
,data\auto-processed\archive\unknown_year\1500.json,data\auto-processed\archive\unknown_year\1500.json,NBS,unknown_year
,data\auto-processed\archive\unknown_year\1530.json,data\auto-processed\archive\unknown_year\1530.json,NBS,unknown_year
,data\auto-processed\archive\unknown_year\2908.json,data\auto-processed\archive\unknown_year\2908.json,NBS,unknown_year
,data\auto-processed\archive\unknown_year\2909.json,data\auto-processed\archive\unknown_year\2909.json,NBS,unknown_year
,data\auto-processed\archive\unknown_year\2898.json,data\auto-processed\archive\unknown_year\2898.json,NBS,unknown_year
,data\auto-processed\archive\unknown_year\2899.json,data\auto-processed\archive\unknown_year\2899.json,NBS,unknown_year
